{"MAE": 146.9099884033203, "RMSE": 162.92837524414062, "MAPE": 7.063844054937363}