{"MAE": 158.14990234375, "RMSE": 176.5620574951172, "MAPE": 7.6046571135520935}